Workbook

Sheet Subbu- Mini Project EXcel Clean
A1: student_id | B1: math_prev_score | C1: science_prev_score | D1: language_prev_score | E1: previous_score | F1: final_score | G1: average | H1: P/F | I1: daily_study_hours | J1: Remarks | K1: attendance_percentage | L1: Attendance | M1: homework_completion_rate | N1: sleep_hours | O1: screen_time_hours | P1: exam_anxiety_score | Q1: Anxiety level | R1: parent_education_level
A2: S0001 | B2: 61.5 | C2: 53.6 | D2: 65 | E2: 60.6 | F2: 60.1 | G2: 60.35 | H2: Pass | I2: 1 | J2: Consistent | K2: 75.7 | L2: 182 | M2: 68.5 | N2: 6.8 | O2: 3.3 | P2: 6 | Q2: High | R2: Master
A3: S0002 | B3: 85.6 | C3: 91.9 | D3: 89 | E3: 92.3 | F3: 99 | G3: 95.65 | H3: Pass | I3: 5 | J3: Good | K3: 89.6 | L3: 215 | M3: 92 | N3: 5.6 | O3: 4.9 | P3: 2 | Q3: Low | R3: High School
A4: S0003 | B4: 82.2 | C4: 72.7 | D4: 74.2 | E4: 80.3 | F4: 70.5 | G4: 75.4 | H4: Pass | I4: 1 | J4: Consistent | K4: 81.5 | L4: 196 | M4: 69.7 | N4: 6.7 | O4: 5.1 | P4: 5 | Q4: Moderate | R4: High School
A5: S0004 | B5: 76 | C5: 76.7 | D5: 67.7 | E5: 72.9 | F5: 63.4 | G5: 68.15 | H5: Pass | I5: 2 | J5: Consistent | K5: 71.5 | L5: 172 | M5: 72 | N5: 7.9 | O5: 3.8 | P5: 5 | Q5: Moderate | R5: High School
A6: S0005 | B6: 51.4 | C6: 49 | D6: 46.1 | E6: 48.6 | F6: 66.5 | G6: 57.55 | H6: Pass | I6: 2 | J6: Consistent | K6: 64.3 | L6: 154 | M6: 68.9 | N6: 7.7 | O6: 1.9 | P6: 1 | Q6: Low | R6: Master
A7: S0006 | B7: 54 | C7: 41.3 | D7: 46.8 | E7: 48.6 | F7: 49.1 | G7: 48.85 | H7: Fail | I7: 2 | J7: Consistent | K7: 61.6 | L7: 148 | M7: 71.3 | N7: 7.3 | O7: 3.3 | P7: 6 | Q7: Moderate | R7: Bachelor
A8: S0007 | B8: 47.4 | C8: 41.6 | D8: 39.3 | E8: 43.2 | F8: 48.5 | G8: 45.85 | H8: Fail | I8: 2 | J8: Consistent | K8: 59.9 | L8: 144 | M8: 70.6 | N8: 6.5 | O8: 5.8 | P8: 2 | Q8: Low | R8: Master
A9: S0008 | B9: 89.9 | C9: 83.9 | D9: 81.2 | E9: 87.6 | F9: 84.6 | G9: 86.1 | H9: Pass | I9: 4 | J9: Good | K9: 81.9 | L9: 197 | M9: 88.4 | N9: 6.8 | O9: 4.8 | P9: 4 | Q9: Moderate | R9: Bachelor
A10: S0009 | B10: 72.7 | C10: 74.7 | D10: 70.8 | E10: 73.1 | F10: 66.5 | G10: 69.8 | H10: Pass | I10: 2 | J10: Consistent | K10: 71.6 | L10: 172 | M10: 61.2 | N10: 6.9 | O10: 5.1 | P10: 6 | Q10: High | R10: Master
A11: S0010 | B11: 70.6 | C11: 85.6 | D11: 79.9 | E11: 78.9 | F11: 74.2 | G11: 76.55 | H11: Pass | I11: 4 | J11: Excellent | K11: 69.7 | L11: 167 | M11: 84.3 | N11: 7.8 | O11: 1.2 | P11: 6 | Q11: Moderate | R11: Master
A12: S0011 | B12: 43.3 | C12: 31.8 | D12: 44.1 | E12: 41.1 | F12: 42.7 | G12: 41.9 | H12: Fail | I12: 2 | J12: Consistent | K12: 57.2 | L12: 137 | M12: 59.1 | N12: 6.8 | O12: 3.3 | P12: 7 | Q12: High | R12: Bachelor
A13: S0012 | B13: 94.4 | C13: 93.9 | D13: 90.6 | E13: 93.3 | F13: 76.5 | G13: 84.9 | H13: Pass | I13: 1 | J13: Consistent | K13: 87.6 | L13: 210 | M13: 71.9 | N13: 6.3 | O13: 4.2 | P13: 6 | Q13: High | R13: Master
... A1001: S1000 | B1001: 61.1 | C1001: 66.9 | D1001: 64.1 | E1001: 64.5 | F1001: 64.4 | G1001: 64.45 | H1001: Pass | I1001: 2 | J1001: Consistent | K1001: 75.8 | L1001: 182 | M1001: 71.9 | N1001: 5.8 | O1001: 5.9 | P1001: 5 | Q1001: Moderate | R1001: High School

Sheet Students marks
A1: student_id | B1: maths mark | C1: Science mark | D1: Language mark | E1: Final Score | F1: average | G1: Result | H1: Parent Edn
A2: S0001 | B2: =VLOOKUP(A2,'Subbu- Mini Project EXcel Clean'!A1:R1001,2,FALSE) -> 61.5 | C2: =VLOOKUP(A2,'Subbu- Mini Project EXcel Clean'!A1:R1001,3,FALSE) -> 53.6 | D2: =_xlfn.XLOOKUP(A2,'Subbu- Mini Project EXcel Clean'!A2:A1001,'Subbu- Mini Project EXcel Clean'!D2:D1001,"Entry Level",0) -> 65 | E2: =_xlfn.XLOOKUP(A2,'Subbu- Mini Project EXcel Clean'!A2:A1001,'Subbu- Mini Project EXcel Clean'!F2:F1001,"Entry Level",0) -> 60.1 | F2: =_xlfn.XLOOKUP(A2,'Subbu- Mini Project EXcel Clean'!A2:A1001,'Subbu- Mini Project EXcel Clean'!G2:G1001," ",0) -> 60.35 | G2: =_xlfn.XLOOKUP(A2,'Subbu- Mini Project EXcel Clean'!A2:A1001,'Subbu- Mini Project EXcel Clean'!H2:H1001," ",0) -> Pass | H2: =VLOOKUP(A2,'Subbu- Mini Project EXcel Clean'!A1:R1001,18,) -> Master
A3: S0002 | B3: =VLOOKUP(A3,'Subbu- Mini Project EXcel Clean'!A2:R1002,2,FALSE) -> 85.6 | C3: =VLOOKUP(A3,'Subbu- Mini Project EXcel Clean'!A2:R1002,3,FALSE) -> 91.9 | D3: =_xlfn.XLOOKUP(A3,'Subbu- Mini Project EXcel Clean'!A3:A1002,'Subbu- Mini Project EXcel Clean'!D3:D1002,"Entry Level",0) -> 89 | E3: =_xlfn.XLOOKUP(A3,'Subbu- Mini Project EXcel Clean'!A3:A1002,'Subbu- Mini Project EXcel Clean'!F3:F1002,"Entry Level",0) -> 99 | F3: =_xlfn.XLOOKUP(A3,'Subbu- Mini Project EXcel Clean'!A3:A1002,'Subbu- Mini Project EXcel Clean'!G3:G1002," ",0) -> 95.65 | G3: =_xlfn.XLOOKUP(A3,'Subbu- Mini Project EXcel Clean'!A3:A1002,'Subbu- Mini Project EXcel Clean'!H3:H1002," ",0) -> Pass | H3: =VLOOKUP(A3,'Subbu- Mini Project EXcel Clean'!A2:R1002,18,) -> High School
A4: S0003 | B4: =VLOOKUP(A4,'Subbu- Mini Project EXcel Clean'!A3:R1003,2,FALSE) -> 82.2 | C4: =VLOOKUP(A4,'Subbu- Mini Project EXcel Clean'!A3:R1003,3,FALSE) -> 72.7 | D4: =_xlfn.XLOOKUP(A4,'Subbu- Mini Project EXcel Clean'!A4:A1003,'Subbu- Mini Project EXcel Clean'!D4:D1003,"Entry Level",0) -> 74.2 | E4: =_xlfn.XLOOKUP(A4,'Subbu- Mini Project EXcel Clean'!A4:A1003,'Subbu- Mini Project EXcel Clean'!F4:F1003,"Entry Level",0) -> 70.5 | F4: =_xlfn.XLOOKUP(A4,'Subbu- Mini Project EXcel Clean'!A4:A1003,'Subbu- Mini Project EXcel Clean'!G4:G1003," ",0) -> 75.4 | G4: =_xlfn.XLOOKUP(A4,'Subbu- Mini Project EXcel Clean'!A4:A1003,'Subbu- Mini Project EXcel Clean'!H4:H1003," ",0) -> Pass | H4: =VLOOKUP(A4,'Subbu- Mini Project EXcel Clean'!A3:R1003,18,) -> High School
A5: S0004 | B5: =VLOOKUP(A5,'Subbu- Mini Project EXcel Clean'!A4:R1004,2,FALSE) -> 76 | C5: =VLOOKUP(A5,'Subbu- Mini Project EXcel Clean'!A4:R1004,3,FALSE) -> 76.7 | D5: =_xlfn.XLOOKUP(A5,'Subbu- Mini Project EXcel Clean'!A5:A1004,'Subbu- Mini Project EXcel Clean'!D5:D1004,"Entry Level",0) -> 67.7 | E5: =_xlfn.XLOOKUP(A5,'Subbu- Mini Project EXcel Clean'!A5:A1004,'Subbu- Mini Project EXcel Clean'!F5:F1004,"Entry Level",0) -> 63.4 | F5: =_xlfn.XLOOKUP(A5,'Subbu- Mini Project EXcel Clean'!A5:A1004,'Subbu- Mini Project EXcel Clean'!G5:G1004," ",0) -> 68.15 | G5: =_xlfn.XLOOKUP(A5,'Subbu- Mini Project EXcel Clean'!A5:A1004,'Subbu- Mini Project EXcel Clean'!H5:H1004," ",0) -> Pass | H5: =VLOOKUP(A5,'Subbu- Mini Project EXcel Clean'!A4:R1004,18,) -> High School
A6: S0005 | B6: =VLOOKUP(A6,'Subbu- Mini Project EXcel Clean'!A5:R1005,2,FALSE) -> 51.4 | C6: =VLOOKUP(A6,'Subbu- Mini Project EXcel Clean'!A5:R1005,3,FALSE) -> 49 | D6: =_xlfn.XLOOKUP(A6,'Subbu- Mini Project EXcel Clean'!A6:A1005,'Subbu- Mini Project EXcel Clean'!D6:D1005,"Entry Level",0) -> 46.1 | E6: =_xlfn.XLOOKUP(A6,'Subbu- Mini Project EXcel Clean'!A6:A1005,'Subbu- Mini Project EXcel Clean'!F6:F1005,"Entry Level",0) -> 66.5 | F6: =_xlfn.XLOOKUP(A6,'Subbu- Mini Project EXcel Clean'!A6:A1005,'Subbu- Mini Project EXcel Clean'!G6:G1005," ",0) -> 57.55 | G6: =_xlfn.XLOOKUP(A6,'Subbu- Mini Project EXcel Clean'!A6:A1005,'Subbu- Mini Project EXcel Clean'!H6:H1005," ",0) -> Pass | H6: =VLOOKUP(A6,'Subbu- Mini Project EXcel Clean'!A5:R1005,18,) -> Master
A7: S0006 | B7: =VLOOKUP(A7,'Subbu- Mini Project EXcel Clean'!A6:R1006,2,FALSE) -> 54 | C7: =VLOOKUP(A7,'Subbu- Mini Project EXcel Clean'!A6:R1006,3,FALSE) -> 41.3 | D7: =_xlfn.XLOOKUP(A7,'Subbu- Mini Project EXcel Clean'!A7:A1006,'Subbu- Mini Project EXcel Clean'!D7:D1006,"Entry Level",0) -> 46.8 | E7: =_xlfn.XLOOKUP(A7,'Subbu- Mini Project EXcel Clean'!A7:A1006,'Subbu- Mini Project EXcel Clean'!F7:F1006,"Entry Level",0) -> 49.1 | F7: =_xlfn.XLOOKUP(A7,'Subbu- Mini Project EXcel Clean'!A7:A1006,'Subbu- Mini Project EXcel Clean'!G7:G1006," ",0) -> 48.85 | G7: =_xlfn.XLOOKUP(A7,'Subbu- Mini Project EXcel Clean'!A7:A1006,'Subbu- Mini Project EXcel Clean'!H7:H1006," ",0) -> Fail | H7: =VLOOKUP(A7,'Subbu- Mini Project EXcel Clean'!A6:R1006,18,) -> Bachelor
A8: S0007 | B8: =VLOOKUP(A8,'Subbu- Mini Project EXcel Clean'!A7:R1007,2,FALSE) -> 47.4 | C8: =VLOOKUP(A8,'Subbu- Mini Project EXcel Clean'!A7:R1007,3,FALSE) -> 41.6 | D8: =_xlfn.XLOOKUP(A8,'Subbu- Mini Project EXcel Clean'!A8:A1007,'Subbu- Mini Project EXcel Clean'!D8:D1007,"Entry Level",0) -> 39.3 | E8: =_xlfn.XLOOKUP(A8,'Subbu- Mini Project EXcel Clean'!A8:A1007,'Subbu- Mini Project EXcel Clean'!F8:F1007,"Entry Level",0) -> 48.5 | F8: =_xlfn.XLOOKUP(A8,'Subbu- Mini Project EXcel Clean'!A8:A1007,'Subbu- Mini Project EXcel Clean'!G8:G1007," ",0) -> 45.85 | G8: =_xlfn.XLOOKUP(A8,'Subbu- Mini Project EXcel Clean'!A8:A1007,'Subbu- Mini Project EXcel Clean'!H8:H1007," ",0) -> Fail | H8: =VLOOKUP(A8,'Subbu- Mini Project EXcel Clean'!A7:R1007,18,) -> Master
A9: S0008 | B9: =VLOOKUP(A9,'Subbu- Mini Project EXcel Clean'!A8:R1008,2,FALSE) -> 89.9 | C9: =VLOOKUP(A9,'Subbu- Mini Project EXcel Clean'!A8:R1008,3,FALSE) -> 83.9 | D9: =_xlfn.XLOOKUP(A9,'Subbu- Mini Project EXcel Clean'!A9:A1008,'Subbu- Mini Project EXcel Clean'!D9:D1008,"Entry Level",0) -> 81.2 | E9: =_xlfn.XLOOKUP(A9,'Subbu- Mini Project EXcel Clean'!A9:A1008,'Subbu- Mini Project EXcel Clean'!F9:F1008,"Entry Level",0) -> 84.6 | F9: =_xlfn.XLOOKUP(A9,'Subbu- Mini Project EXcel Clean'!A9:A1008,'Subbu- Mini Project EXcel Clean'!G9:G1008," ",0) -> 86.1 | G9: =_xlfn.XLOOKUP(A9,'Subbu- Mini Project EXcel Clean'!A9:A1008,'Subbu- Mini Project EXcel Clean'!H9:H1008," ",0) -> Pass | H9: =VLOOKUP(A9,'Subbu- Mini Project EXcel Clean'!A8:R1008,18,) -> Bachelor
A10: S0009 | B10: =VLOOKUP(A10,'Subbu- Mini Project EXcel Clean'!A9:R1009,2,FALSE) -> 72.7 | C10: =VLOOKUP(A10,'Subbu- Mini Project EXcel Clean'!A9:R1009,3,FALSE) -> 74.7 | D10: =_xlfn.XLOOKUP(A10,'Subbu- Mini Project EXcel Clean'!A10:A1009,'Subbu- Mini Project EXcel Clean'!D10:D1009,"Entry Level",0) -> 70.8 | E10: =_xlfn.XLOOKUP(A10,'Subbu- Mini Project EXcel Clean'!A10:A1009,'Subbu- Mini Project EXcel Clean'!F10:F1009,"Entry Level",0) -> 66.5 | F10: =_xlfn.XLOOKUP(A10,'Subbu- Mini Project EXcel Clean'!A10:A1009,'Subbu- Mini Project EXcel Clean'!G10:G1009," ",0) -> 69.8 | G10: =_xlfn.XLOOKUP(A10,'Subbu- Mini Project EXcel Clean'!A10:A1009,'Subbu- Mini Project EXcel Clean'!H10:H1009," ",0) -> Pass | H10: =VLOOKUP(A10,'Subbu- Mini Project EXcel Clean'!A9:R1009,18,) -> Master
A11: S0010 | B11: =VLOOKUP(A11,'Subbu- Mini Project EXcel Clean'!A10:R1010,2,FALSE) -> 70.6 | C11: =VLOOKUP(A11,'Subbu- Mini Project EXcel Clean'!A10:R1010,3,FALSE) -> 85.6 | D11: =_xlfn.XLOOKUP(A11,'Subbu- Mini Project EXcel Clean'!A11:A1010,'Subbu- Mini Project EXcel Clean'!D11:D1010,"Entry Level",0) -> 79.9 | E11: =_xlfn.XLOOKUP(A11,'Subbu- Mini Project EXcel Clean'!A11:A1010,'Subbu- Mini Project EXcel Clean'!F11:F1010,"Entry Level",0) -> 74.2 | F11: =_xlfn.XLOOKUP(A11,'Subbu- Mini Project EXcel Clean'!A11:A1010,'Subbu- Mini Project EXcel Clean'!G11:G1010," ",0) -> 76.55 | G11: =_xlfn.XLOOKUP(A11,'Subbu- Mini Project EXcel Clean'!A11:A1010,'Subbu- Mini Project EXcel Clean'!H11:H1010," ",0) -> Pass | H11: =VLOOKUP(A11,'Subbu- Mini Project EXcel Clean'!A10:R1010,18,) -> Master
A12: S0011 | B12: =VLOOKUP(A12,'Subbu- Mini Project EXcel Clean'!A11:R1011,2,FALSE) -> 43.3 | C12: =VLOOKUP(A12,'Subbu- Mini Project EXcel Clean'!A11:R1011,3,FALSE) -> 31.8 | D12: =_xlfn.XLOOKUP(A12,'Subbu- Mini Project EXcel Clean'!A12:A1011,'Subbu- Mini Project EXcel Clean'!D12:D1011,"Entry Level",0) -> 44.1 | E12: =_xlfn.XLOOKUP(A12,'Subbu- Mini Project EXcel Clean'!A12:A1011,'Subbu- Mini Project EXcel Clean'!F12:F1011,"Entry Level",0) -> 42.7 | F12: =_xlfn.XLOOKUP(A12,'Subbu- Mini Project EXcel Clean'!A12:A1011,'Subbu- Mini Project EXcel Clean'!G12:G1011," ",0) -> 41.9 | G12: =_xlfn.XLOOKUP(A12,'Subbu- Mini Project EXcel Clean'!A12:A1011,'Subbu- Mini Project EXcel Clean'!H12:H1011," ",0) -> Fail | H12: =VLOOKUP(A12,'Subbu- Mini Project EXcel Clean'!A11:R1011,18,) -> Bachelor
A13: S0012 | B13: =VLOOKUP(A13,'Subbu- Mini Project EXcel Clean'!A12:R1012,2,FALSE) -> 94.4 | C13: =VLOOKUP(A13,'Subbu- Mini Project EXcel Clean'!A12:R1012,3,FALSE) -> 93.9 | D13: =_xlfn.XLOOKUP(A13,'Subbu- Mini Project EXcel Clean'!A13:A1012,'Subbu- Mini Project EXcel Clean'!D13:D1012,"Entry Level",0) -> 90.6 | E13: =_xlfn.XLOOKUP(A13,'Subbu- Mini Project EXcel Clean'!A13:A1012,'Subbu- Mini Project EXcel Clean'!F13:F1012,"Entry Level",0) -> 76.5 | F13: =_xlfn.XLOOKUP(A13,'Subbu- Mini Project EXcel Clean'!A13:A1012,'Subbu- Mini Project EXcel Clean'!G13:G1012," ",0) -> 84.9 | G13: =_xlfn.XLOOKUP(A13,'Subbu- Mini Project EXcel Clean'!A13:A1012,'Subbu- Mini Project EXcel Clean'!H13:H1012," ",0) -> Pass | H13: =VLOOKUP(A13,'Subbu- Mini Project EXcel Clean'!A12:R1012,18,) -> Master
... A1001: S1000 | B1001: =VLOOKUP(A1001,'Subbu- Mini Project EXcel Clean'!A1000:R2000,2,FALSE) -> 61.1 | C1001: =VLOOKUP(A1001,'Subbu- Mini Project EXcel Clean'!A1000:R2000,3,FALSE) -> 66.9 | D1001: =_xlfn.XLOOKUP(A1001,'Subbu- Mini Project EXcel Clean'!A1001:A2000,'Subbu- Mini Project EXcel Clean'!D1001:D2000,"Entry Level",0) -> 64.1 | E1001: =_xlfn.XLOOKUP(A1001,'Subbu- Mini Project EXcel Clean'!A1001:A2000,'Subbu- Mini Project EXcel Clean'!F1001:F2000,"Entry Level",0) -> 64.4 | F1001: =_xlfn.XLOOKUP(A1001,'Subbu- Mini Project EXcel Clean'!A1001:A2000,'Subbu- Mini Project EXcel Clean'!G1001:G2000," ",0) -> 64.45 | G1001: =_xlfn.XLOOKUP(A1001,'Subbu- Mini Project EXcel Clean'!A1001:A2000,'Subbu- Mini Project EXcel Clean'!H1001:H2000," ",0) -> Pass | H1001: =VLOOKUP(A1001,'Subbu- Mini Project EXcel Clean'!A1000:R2000,18,) -> High School

Sheet Students Interaction
A1: student_id | B1: Daily Study Hr | C1: Remakrs | D1: Sleep Hr | E1: HW Hr | F1: Aneixty Score | G1: Anxiety Level | H1: Screen Hr
A2: S0001 | B2: =_xlfn.XLOOKUP(A2,'Subbu- Mini Project EXcel Clean'!A2:A1001,'Subbu- Mini Project EXcel Clean'!I2:I1001,"Entry Level",0) -> 1 | C2: =_xlfn.XLOOKUP(A2,'Subbu- Mini Project EXcel Clean'!A2:A1001,'Subbu- Mini Project EXcel Clean'!J2:J1001," ",0) -> Consistent | D2: =_xlfn.XLOOKUP(A2,'Subbu- Mini Project EXcel Clean'!A2:A1001,'Subbu- Mini Project EXcel Clean'!N2:N1001,"entry Level",0) -> 6.8 | E2: =_xlfn.XLOOKUP(A2,'Subbu- Mini Project EXcel Clean'!A2:A1001,'Subbu- Mini Project EXcel Clean'!M2:M1001," ",0) -> 68.5 | F2: =_xlfn.XLOOKUP(A2,'Subbu- Mini Project EXcel Clean'!A2:A1001,'Subbu- Mini Project EXcel Clean'!P2:P1001," ",0) -> 6 | G2: =_xlfn.XLOOKUP(A2,'Subbu- Mini Project EXcel Clean'!A2:A1001,'Subbu- Mini Project EXcel Clean'!Q2:Q1001," ",0) -> High | H2: =VLOOKUP(A2,'Subbu- Mini Project EXcel Clean'!A1:R1001,15,FALSE) -> 3.3
A3: S0002 | B3: =_xlfn.XLOOKUP(A3,'Subbu- Mini Project EXcel Clean'!A3:A1002,'Subbu- Mini Project EXcel Clean'!I3:I1002,"Entry Level",0) -> 5 | C3: =_xlfn.XLOOKUP(A3,'Subbu- Mini Project EXcel Clean'!A3:A1002,'Subbu- Mini Project EXcel Clean'!J3:J1002," ",0) -> Good | D3: =_xlfn.XLOOKUP(A3,'Subbu- Mini Project EXcel Clean'!A3:A1002,'Subbu- Mini Project EXcel Clean'!N3:N1002,"entry Level",0) -> 5.6 | E3: =_xlfn.XLOOKUP(A3,'Subbu- Mini Project EXcel Clean'!A3:A1002,'Subbu- Mini Project EXcel Clean'!M3:M1002," ",0) -> 92 | F3: =_xlfn.XLOOKUP(A3,'Subbu- Mini Project EXcel Clean'!A3:A1002,'Subbu- Mini Project EXcel Clean'!P3:P1002," ",0) -> 2 | G3: =_xlfn.XLOOKUP(A3,'Subbu- Mini Project EXcel Clean'!A3:A1002,'Subbu- Mini Project EXcel Clean'!Q3:Q1002," ",0) -> Low | H3: =VLOOKUP(A3,'Subbu- Mini Project EXcel Clean'!A2:R1002,15,FALSE) -> 4.9
A4: S0003 | B4: =_xlfn.XLOOKUP(A4,'Subbu- Mini Project EXcel Clean'!A4:A1003,'Subbu- Mini Project EXcel Clean'!I4:I1003,"Entry Level",0) -> 1 | C4: =_xlfn.XLOOKUP(A4,'Subbu- Mini Project EXcel Clean'!A4:A1003,'Subbu- Mini Project EXcel Clean'!J4:J1003," ",0) -> Consistent | D4: =_xlfn.XLOOKUP(A4,'Subbu- Mini Project EXcel Clean'!A4:A1003,'Subbu- Mini Project EXcel Clean'!N4:N1003,"entry Level",0) -> 6.7 | E4: =_xlfn.XLOOKUP(A4,'Subbu- Mini Project EXcel Clean'!A4:A1003,'Subbu- Mini Project EXcel Clean'!M4:M1003," ",0) -> 69.7 | F4: =_xlfn.XLOOKUP(A4,'Subbu- Mini Project EXcel Clean'!A4:A1003,'Subbu- Mini Project EXcel Clean'!P4:P1003," ",0) -> 5 | G4: =_xlfn.XLOOKUP(A4,'Subbu- Mini Project EXcel Clean'!A4:A1003,'Subbu- Mini Project EXcel Clean'!Q4:Q1003," ",0) -> Moderate | H4: =VLOOKUP(A4,'Subbu- Mini Project EXcel Clean'!A3:R1003,15,FALSE) -> 5.1
A5: S0004 | B5: =_xlfn.XLOOKUP(A5,'Subbu- Mini Project EXcel Clean'!A5:A1004,'Subbu- Mini Project EXcel Clean'!I5:I1004,"Entry Level",0) -> 2 | C5: =_xlfn.XLOOKUP(A5,'Subbu- Mini Project EXcel Clean'!A5:A1004,'Subbu- Mini Project EXcel Clean'!J5:J1004," ",0) -> Consistent | D5: =_xlfn.XLOOKUP(A5,'Subbu- Mini Project EXcel Clean'!A5:A1004,'Subbu- Mini Project EXcel Clean'!N5:N1004,"entry Level",0) -> 7.9 | E5: =_xlfn.XLOOKUP(A5,'Subbu- Mini Project EXcel Clean'!A5:A1004,'Subbu- Mini Project EXcel Clean'!M5:M1004," ",0) -> 72 | F5: =_xlfn.XLOOKUP(A5,'Subbu- Mini Project EXcel Clean'!A5:A1004,'Subbu- Mini Project EXcel Clean'!P5:P1004," ",0) -> 5 | G5: =_xlfn.XLOOKUP(A5,'Subbu- Mini Project EXcel Clean'!A5:A1004,'Subbu- Mini Project EXcel Clean'!Q5:Q1004," ",0) -> Moderate | H5: =VLOOKUP(A5,'Subbu- Mini Project EXcel Clean'!A4:R1004,15,FALSE) -> 3.8
A6: S0005 | B6: =_xlfn.XLOOKUP(A6,'Subbu- Mini Project EXcel Clean'!A6:A1005,'Subbu- Mini Project EXcel Clean'!I6:I1005,"Entry Level",0) -> 2 | C6: =_xlfn.XLOOKUP(A6,'Subbu- Mini Project EXcel Clean'!A6:A1005,'Subbu- Mini Project EXcel Clean'!J6:J1005," ",0) -> Consistent | D6: =_xlfn.XLOOKUP(A6,'Subbu- Mini Project EXcel Clean'!A6:A1005,'Subbu- Mini Project EXcel Clean'!N6:N1005,"entry Level",0) -> 7.7 | E6: =_xlfn.XLOOKUP(A6,'Subbu- Mini Project EXcel Clean'!A6:A1005,'Subbu- Mini Project EXcel Clean'!M6:M1005," ",0) -> 68.9 | F6: =_xlfn.XLOOKUP(A6,'Subbu- Mini Project EXcel Clean'!A6:A1005,'Subbu- Mini Project EXcel Clean'!P6:P1005," ",0) -> 1 | G6: =_xlfn.XLOOKUP(A6,'Subbu- Mini Project EXcel Clean'!A6:A1005,'Subbu- Mini Project EXcel Clean'!Q6:Q1005," ",0) -> Low | H6: =VLOOKUP(A6,'Subbu- Mini Project EXcel Clean'!A5:R1005,15,FALSE) -> 1.9
A7: S0006 | B7: =_xlfn.XLOOKUP(A7,'Subbu- Mini Project EXcel Clean'!A7:A1006,'Subbu- Mini Project EXcel Clean'!I7:I1006,"Entry Level",0) -> 2 | C7: =_xlfn.XLOOKUP(A7,'Subbu- Mini Project EXcel Clean'!A7:A1006,'Subbu- Mini Project EXcel Clean'!J7:J1006," ",0) -> Consistent | D7: =_xlfn.XLOOKUP(A7,'Subbu- Mini Project EXcel Clean'!A7:A1006,'Subbu- Mini Project EXcel Clean'!N7:N1006,"entry Level",0) -> 7.3 | E7: =_xlfn.XLOOKUP(A7,'Subbu- Mini Project EXcel Clean'!A7:A1006,'Subbu- Mini Project EXcel Clean'!M7:M1006," ",0) -> 71.3 | F7: =_xlfn.XLOOKUP(A7,'Subbu- Mini Project EXcel Clean'!A7:A1006,'Subbu- Mini Project EXcel Clean'!P7:P1006," ",0) -> 6 | G7: =_xlfn.XLOOKUP(A7,'Subbu- Mini Project EXcel Clean'!A7:A1006,'Subbu- Mini Project EXcel Clean'!Q7:Q1006," ",0) -> Moderate | H7: =VLOOKUP(A7,'Subbu- Mini Project EXcel Clean'!A6:R1006,15,FALSE) -> 3.3
A8: S0007 | B8: =_xlfn.XLOOKUP(A8,'Subbu- Mini Project EXcel Clean'!A8:A1007,'Subbu- Mini Project EXcel Clean'!I8:I1007,"Entry Level",0) -> 2 | C8: =_xlfn.XLOOKUP(A8,'Subbu- Mini Project EXcel Clean'!A8:A1007,'Subbu- Mini Project EXcel Clean'!J8:J1007," ",0) -> Consistent | D8: =_xlfn.XLOOKUP(A8,'Subbu- Mini Project EXcel Clean'!A8:A1007,'Subbu- Mini Project EXcel Clean'!N8:N1007,"entry Level",0) -> 6.5 | E8: =_xlfn.XLOOKUP(A8,'Subbu- Mini Project EXcel Clean'!A8:A1007,'Subbu- Mini Project EXcel Clean'!M8:M1007," ",0) -> 70.6 | F8: =_xlfn.XLOOKUP(A8,'Subbu- Mini Project EXcel Clean'!A8:A1007,'Subbu- Mini Project EXcel Clean'!P8:P1007," ",0) -> 2 | G8: =_xlfn.XLOOKUP(A8,'Subbu- Mini Project EXcel Clean'!A8:A1007,'Subbu- Mini Project EXcel Clean'!Q8:Q1007," ",0) -> Low | H8: =VLOOKUP(A8,'Subbu- Mini Project EXcel Clean'!A7:R1007,15,FALSE) -> 5.8
A9: S0008 | B9: =_xlfn.XLOOKUP(A9,'Subbu- Mini Project EXcel Clean'!A9:A1008,'Subbu- Mini Project EXcel Clean'!I9:I1008,"Entry Level",0) -> 4 | C9: =_xlfn.XLOOKUP(A9,'Subbu- Mini Project EXcel Clean'!A9:A1008,'Subbu- Mini Project EXcel Clean'!J9:J1008," ",0) -> Good | D9: =_xlfn.XLOOKUP(A9,'Subbu- Mini Project EXcel Clean'!A9:A1008,'Subbu- Mini Project EXcel Clean'!N9:N1008,"entry Level",0) -> 6.8 | E9: =_xlfn.XLOOKUP(A9,'Subbu- Mini Project EXcel Clean'!A9:A1008,'Subbu- Mini Project EXcel Clean'!M9:M1008," ",0) -> 88.4 | F9: =_xlfn.XLOOKUP(A9,'Subbu- Mini Project EXcel Clean'!A9:A1008,'Subbu- Mini Project EXcel Clean'!P9:P1008," ",0) -> 4 | G9: =_xlfn.XLOOKUP(A9,'Subbu- Mini Project EXcel Clean'!A9:A1008,'Subbu- Mini Project EXcel Clean'!Q9:Q1008," ",0) -> Moderate | H9: =VLOOKUP(A9,'Subbu- Mini Project EXcel Clean'!A8:R1008,15,FALSE) -> 4.8
A10: S0009 | B10: =_xlfn.XLOOKUP(A10,'Subbu- Mini Project EXcel Clean'!A10:A1009,'Subbu- Mini Project EXcel Clean'!I10:I1009,"Entry Level",0) -> 2 | C10: =_xlfn.XLOOKUP(A10,'Subbu- Mini Project EXcel Clean'!A10:A1009,'Subbu- Mini Project EXcel Clean'!J10:J1009," ",0) -> Consistent | D10: =_xlfn.XLOOKUP(A10,'Subbu- Mini Project EXcel Clean'!A10:A1009,'Subbu- Mini Project EXcel Clean'!N10:N1009,"entry Level",0) -> 6.9 | E10: =_xlfn.XLOOKUP(A10,'Subbu- Mini Project EXcel Clean'!A10:A1009,'Subbu- Mini Project EXcel Clean'!M10:M1009," ",0) -> 61.2 | F10: =_xlfn.XLOOKUP(A10,'Subbu- Mini Project EXcel Clean'!A10:A1009,'Subbu- Mini Project EXcel Clean'!P10:P1009," ",0) -> 6 | G10: =_xlfn.XLOOKUP(A10,'Subbu- Mini Project EXcel Clean'!A10:A1009,'Subbu- Mini Project EXcel Clean'!Q10:Q1009," ",0) -> High | H10: =VLOOKUP(A10,'Subbu- Mini Project EXcel Clean'!A9:R1009,15,FALSE) -> 5.1
A11: S0010 | B11: =_xlfn.XLOOKUP(A11,'Subbu- Mini Project EXcel Clean'!A11:A1010,'Subbu- Mini Project EXcel Clean'!I11:I1010,"Entry Level",0) -> 4 | C11: =_xlfn.XLOOKUP(A11,'Subbu- Mini Project EXcel Clean'!A11:A1010,'Subbu- Mini Project EXcel Clean'!J11:J1010," ",0) -> Excellent | D11: =_xlfn.XLOOKUP(A11,'Subbu- Mini Project EXcel Clean'!A11:A1010,'Subbu- Mini Project EXcel Clean'!N11:N1010,"entry Level",0) -> 7.8 | E11: =_xlfn.XLOOKUP(A11,'Subbu- Mini Project EXcel Clean'!A11:A1010,'Subbu- Mini Project EXcel Clean'!M11:M1010," ",0) -> 84.3 | F11: =_xlfn.XLOOKUP(A11,'Subbu- Mini Project EXcel Clean'!A11:A1010,'Subbu- Mini Project EXcel Clean'!P11:P1010," ",0) -> 6 | G11: =_xlfn.XLOOKUP(A11,'Subbu- Mini Project EXcel Clean'!A11:A1010,'Subbu- Mini Project EXcel Clean'!Q11:Q1010," ",0) -> Moderate | H11: =VLOOKUP(A11,'Subbu- Mini Project EXcel Clean'!A10:R1010,15,FALSE) -> 1.2
A12: S0011 | B12: =_xlfn.XLOOKUP(A12,'Subbu- Mini Project EXcel Clean'!A12:A1011,'Subbu- Mini Project EXcel Clean'!I12:I1011,"Entry Level",0) -> 2 | C12: =_xlfn.XLOOKUP(A12,'Subbu- Mini Project EXcel Clean'!A12:A1011,'Subbu- Mini Project EXcel Clean'!J12:J1011," ",0) -> Consistent | D12: =_xlfn.XLOOKUP(A12,'Subbu- Mini Project EXcel Clean'!A12:A1011,'Subbu- Mini Project EXcel Clean'!N12:N1011,"entry Level",0) -> 6.8 | E12: =_xlfn.XLOOKUP(A12,'Subbu- Mini Project EXcel Clean'!A12:A1011,'Subbu- Mini Project EXcel Clean'!M12:M1011," ",0) -> 59.1 | F12: =_xlfn.XLOOKUP(A12,'Subbu- Mini Project EXcel Clean'!A12:A1011,'Subbu- Mini Project EXcel Clean'!P12:P1011," ",0) -> 7 | G12: =_xlfn.XLOOKUP(A12,'Subbu- Mini Project EXcel Clean'!A12:A1011,'Subbu- Mini Project EXcel Clean'!Q12:Q1011," ",0) -> High | H12: =VLOOKUP(A12,'Subbu- Mini Project EXcel Clean'!A11:R1011,15,FALSE) -> 3.3
A13: S0012 | B13: =_xlfn.XLOOKUP(A13,'Subbu- Mini Project EXcel Clean'!A13:A1012,'Subbu- Mini Project EXcel Clean'!I13:I1012,"Entry Level",0) -> 1 | C13: =_xlfn.XLOOKUP(A13,'Subbu- Mini Project EXcel Clean'!A13:A1012,'Subbu- Mini Project EXcel Clean'!J13:J1012," ",0) -> Consistent | D13: =_xlfn.XLOOKUP(A13,'Subbu- Mini Project EXcel Clean'!A13:A1012,'Subbu- Mini Project EXcel Clean'!N13:N1012,"entry Level",0) -> 6.3 | E13: =_xlfn.XLOOKUP(A13,'Subbu- Mini Project EXcel Clean'!A13:A1012,'Subbu- Mini Project EXcel Clean'!M13:M1012," ",0) -> 71.9 | F13: =_xlfn.XLOOKUP(A13,'Subbu- Mini Project EXcel Clean'!A13:A1012,'Subbu- Mini Project EXcel Clean'!P13:P1012," ",0) -> 6 | G13: =_xlfn.XLOOKUP(A13,'Subbu- Mini Project EXcel Clean'!A13:A1012,'Subbu- Mini Project EXcel Clean'!Q13:Q1012," ",0) -> High | H13: =VLOOKUP(A13,'Subbu- Mini Project EXcel Clean'!A12:R1012,15,FALSE) -> 4.2
... A1001: S1000 | B1001: =_xlfn.XLOOKUP(A1001,'Subbu- Mini Project EXcel Clean'!A1001:A2000,'Subbu- Mini Project EXcel Clean'!I1001:I2000,"Entry Level",0) -> 2 | C1001: =_xlfn.XLOOKUP(A1001,'Subbu- Mini Project EXcel Clean'!A1001:A2000,'Subbu- Mini Project EXcel Clean'!J1001:J2000," ",0) -> Consistent | D1001: =_xlfn.XLOOKUP(A1001,'Subbu- Mini Project EXcel Clean'!A1001:A2000,'Subbu- Mini Project EXcel Clean'!N1001:N2000,"entry Level",0) -> 5.8 | E1001: =_xlfn.XLOOKUP(A1001,'Subbu- Mini Project EXcel Clean'!A1001:A2000,'Subbu- Mini Project EXcel Clean'!M1001:M2000," ",0) -> 71.9 | F1001: =_xlfn.XLOOKUP(A1001,'Subbu- Mini Project EXcel Clean'!A1001:A2000,'Subbu- Mini Project EXcel Clean'!P1001:P2000," ",0) -> 5 | G1001: =_xlfn.XLOOKUP(A1001,'Subbu- Mini Project EXcel Clean'!A1001:A2000,'Subbu- Mini Project EXcel Clean'!Q1001:Q2000," ",0) -> Moderate | H1001: =VLOOKUP(A1001,'Subbu- Mini Project EXcel Clean'!A1000:R2000,15,FALSE) -> 5.9

Sheet Remarks
A1: student_id | B1: Attendance | C1: Att %
A2: S0001 | B2: =_xlfn.XLOOKUP(A2,'Subbu- Mini Project EXcel Clean'!A2:A1001,'Subbu- Mini Project EXcel Clean'!L2:L1001," ",0) -> 182 | C2: =_xlfn.XLOOKUP(A2,'Subbu- Mini Project EXcel Clean'!A2:A1001,'Subbu- Mini Project EXcel Clean'!K2:K1001," ",0) -> 75.7
A3: S0002 | B3: =_xlfn.XLOOKUP(A3,'Subbu- Mini Project EXcel Clean'!A3:A1002,'Subbu- Mini Project EXcel Clean'!L3:L1002," ",0) -> 215 | C3: =_xlfn.XLOOKUP(A3,'Subbu- Mini Project EXcel Clean'!A3:A1002,'Subbu- Mini Project EXcel Clean'!K3:K1002," ",0) -> 89.6
A4: S0003 | B4: =_xlfn.XLOOKUP(A4,'Subbu- Mini Project EXcel Clean'!A4:A1003,'Subbu- Mini Project EXcel Clean'!L4:L1003," ",0) -> 196 | C4: =_xlfn.XLOOKUP(A4,'Subbu- Mini Project EXcel Clean'!A4:A1003,'Subbu- Mini Project EXcel Clean'!K4:K1003," ",0) -> 81.5
A5: S0004 | B5: =_xlfn.XLOOKUP(A5,'Subbu- Mini Project EXcel Clean'!A5:A1004,'Subbu- Mini Project EXcel Clean'!L5:L1004," ",0) -> 172 | C5: =_xlfn.XLOOKUP(A5,'Subbu- Mini Project EXcel Clean'!A5:A1004,'Subbu- Mini Project EXcel Clean'!K5:K1004," ",0) -> 71.5
A6: S0005 | B6: =_xlfn.XLOOKUP(A6,'Subbu- Mini Project EXcel Clean'!A6:A1005,'Subbu- Mini Project EXcel Clean'!L6:L1005," ",0) -> 154 | C6: =_xlfn.XLOOKUP(A6,'Subbu- Mini Project EXcel Clean'!A6:A1005,'Subbu- Mini Project EXcel Clean'!K6:K1005," ",0) -> 64.3
A7: S0006 | B7: =_xlfn.XLOOKUP(A7,'Subbu- Mini Project EXcel Clean'!A7:A1006,'Subbu- Mini Project EXcel Clean'!L7:L1006," ",0) -> 148 | C7: =_xlfn.XLOOKUP(A7,'Subbu- Mini Project EXcel Clean'!A7:A1006,'Subbu- Mini Project EXcel Clean'!K7:K1006," ",0) -> 61.6
A8: S0007 | B8: =_xlfn.XLOOKUP(A8,'Subbu- Mini Project EXcel Clean'!A8:A1007,'Subbu- Mini Project EXcel Clean'!L8:L1007," ",0) -> 144 | C8: =_xlfn.XLOOKUP(A8,'Subbu- Mini Project EXcel Clean'!A8:A1007,'Subbu- Mini Project EXcel Clean'!K8:K1007," ",0) -> 59.9
A9: S0008 | B9: =_xlfn.XLOOKUP(A9,'Subbu- Mini Project EXcel Clean'!A9:A1008,'Subbu- Mini Project EXcel Clean'!L9:L1008," ",0) -> 197 | C9: =_xlfn.XLOOKUP(A9,'Subbu- Mini Project EXcel Clean'!A9:A1008,'Subbu- Mini Project EXcel Clean'!K9:K1008," ",0) -> 81.9
A10: S0009 | B10: =_xlfn.XLOOKUP(A10,'Subbu- Mini Project EXcel Clean'!A10:A1009,'Subbu- Mini Project EXcel Clean'!L10:L1009," ",0) -> 172 | C10: =_xlfn.XLOOKUP(A10,'Subbu- Mini Project EXcel Clean'!A10:A1009,'Subbu- Mini Project EXcel Clean'!K10:K1009," ",0) -> 71.6
A11: S0010 | B11: =_xlfn.XLOOKUP(A11,'Subbu- Mini Project EXcel Clean'!A11:A1010,'Subbu- Mini Project EXcel Clean'!L11:L1010," ",0) -> 167 | C11: =_xlfn.XLOOKUP(A11,'Subbu- Mini Project EXcel Clean'!A11:A1010,'Subbu- Mini Project EXcel Clean'!K11:K1010," ",0) -> 69.7
A12: S0011 | B12: =_xlfn.XLOOKUP(A12,'Subbu- Mini Project EXcel Clean'!A12:A1011,'Subbu- Mini Project EXcel Clean'!L12:L1011," ",0) -> 137 | C12: =_xlfn.XLOOKUP(A12,'Subbu- Mini Project EXcel Clean'!A12:A1011,'Subbu- Mini Project EXcel Clean'!K12:K1011," ",0) -> 57.2
A13: S0012 | B13: =_xlfn.XLOOKUP(A13,'Subbu- Mini Project EXcel Clean'!A13:A1012,'Subbu- Mini Project EXcel Clean'!L13:L1012," ",0) -> 210 | C13: =_xlfn.XLOOKUP(A13,'Subbu- Mini Project EXcel Clean'!A13:A1012,'Subbu- Mini Project EXcel Clean'!K13:K1012," ",0) -> 87.6
... A1001: S1000 | B1001: =_xlfn.XLOOKUP(A1001,'Subbu- Mini Project EXcel Clean'!A1001:A2000,'Subbu- Mini Project EXcel Clean'!L1001:L2000," ",0) -> 182 | C1001: =_xlfn.XLOOKUP(A1001,'Subbu- Mini Project EXcel Clean'!A1001:A2000,'Subbu- Mini Project EXcel Clean'!K1001:K2000," ",0) -> 75.8
